column1	value1	column2	value2	name
FISH_capture	MYC_FISH	Ig	IGH	"t(8,14) MYC-IGH"
FISH_capture	MYC_FISH	Ig	IGK	"t(2,8) MYC-IGK"
FISH_capture	MYC_FISH	Ig	IGL	"t(14,22) MYC-IGL"
FISH_capture	MYC_FISH	Ig	IGLL1	"t(14,22) MYC-IGLL1"
FISH_capture	BCL2_FISH	Ig	IGH	"t(14,18) BCL2-IGH"
FISH_capture	BCL6_FISH	Ig	IGH	"t(3,14) BCL6-IGH"
FISH_capture	CCND1_FISH	Ig	IGH	t(11;14) CCND1-IGH
FISH_capture	FGFR3_FISH	Ig	IGH	t(4;14) FGFR3-IGH
FISH_capture	MAF_FISH	Ig	IGH	t(14;16) MAF-IGH
FISH_capture	TP63	FISH_capture	TBL1XR1	inv(3) TP63-TBL1XR1
FISH_capture	DUSP22_IRF4_FISH	FISH_capture	DUSP22_IRF4_FISH	6p25 DUSP22-IRF4
FISH_capture	TEL_ETV6_FISH	FISH_capture	RUNX1_AML1	t(12;21) TEL-AML1
FISH_capture	TCF3	FISH_capture	PBX1	t(1;19) TCF3-PBX1
FISH_capture	RUNX1_AML1	FISH_capture	RUNX1T1_ETO	t(8;21) AML1-ETO
FISH_capture	CBFB	FISH_capture	MYH11	inv(16) CBFB-MYH11
gene	MYC_FISH	partner_chrom	chr14	"t(8,14) MYC-IGH"
gene	MYC_FISH	partner_chrom	chr22	"t(14,22) MYC-IGL"
gene	BCL2_FISH	partner_chrom	chr14	"t(14,18) BCL2-IGH"
gene	BCL6_FISH	partner_chrom	chr14	"t(3,14) BCL6-IGH"
gene	CCND1_FISH	partner_chrom	chr14	t(11;14) CCND1-IGH
gene	FGFR3_FISH	partner_chrom	chr14	t(4;14) FGFR3-IGH
gene	MAF_FISH	partner_chrom	chr14	t(14;16) MAF-IGH
gene	TEL_ETV6_FISH	partner_chrom	chr21	t(12;21) TEL-AML1
gene	RUNX1_AML1	partner_chrom	chr12	t(12;21) TEL-AML1
gene	TCF3	partner_chrom	chr1	t(1;19) TCF3-PBX1
gene	PBX1	partner_chrom	chr19	t(1;19) TCF3-PBX1
gene	RUNX1_AML1	partner_chrom	chr8	t(8;21) AML1-ETO
gene	RUNX1T1_ETO	partner_chrom	chr21	t(8;21) AML1-ETO